DRUG_NAME,DRUG_ID,smiles,seed_drug,cancer_type,delta_improvement,mean_value_hat,tanimoto,qed,sa_score,lipinski_violations,n_pains_alerts,hard_fail,chem_score_vs_parent,reversal_score,delta_reversal_vs_parent,vina_score,cnn_affinity,delta_vina_vs_parent,delta_cnn_vs_parent,z_delta_improvement,z_reversal_score,z_docking_improvement,z_chem_score,penalty_hard_fail,penalty_pains,evidence_score,tier
erlotinib_analogue_0305,90305,C#Cc1cccc([C@]23O[C@H]2[C@@H]2O[C@]24[C@]2(O[C@H]2C[C@H]2C5=C(CC[C@@]24C)C(=O)OC5)[C@@H]3O)c1,erlotinib,TCGA-LUAD,0.0092683876266478,0.485101,0.1578947368421052,0.4237,8.8051,0,0,False,-2.011,0.0327128589538683,-0.2405229134287611,-8.1254,6.1063761711,-0.605290000000001,-1.0156469345000003,1.949801340904648,0.03038075767028928,0.5199729521316194,-1.1040799841925184,0.0,0.0,0.45959539327719645,A
erlotinib_analogue_0030,90030,COc1ccc(C)c(C#Cc2cnc3[nH]ncc3c2)c1,erlotinib,TCGA-LUAD,0.0021933876266478,0.492176,0.1756756756756756,0.6867,7.0652,0,0,False,-0.87805,0.0363967394666913,-0.236839032915938,-8.31014,6.3326172829,-0.7900300000000007,-0.7894058227,-0.4272339784977722,1.1933277751841722,0.6119472566995089,-0.05221823492675435,0.0,0.0,0.15876093666543364,A
trametinib_analogue_0173,90173,Cc1ccc(-c2ccc(I)cc2F)cc1C#Cc1cnc2[nH]ncc2c1,trametinib,TCGA-SKCM,0.0023798732051849,0.496899,0.134020618556701,0.3229,6.9821,1,0,False,0.2125,0.0365079304924996,-0.4380097876028227,-10.05766,7.0405859947,0.90254,-1.340340137500001,-0.3645791648240081,1.2284291503205162,-0.23071242004874826,0.9602781953321086,0.0,0.0,0.15454053786797403,C
erlotinib_analogue_0231,90231,C#Cc1cccc([C@@H]2C[C@@H]3O[C@]3(C)CCC[C@H](C)[C@H](O)[C@@H](C)C(=O)C(C)(C)[C@@H](O)CC(=O)N2)c1,erlotinib,TCGA-LUAD,0.0059083876266479,0.488461,0.1684210526315789,0.4317,9.1402,0,0,False,-2.17055,0.0348937162174595,-0.2383420561651698,-5.37861,6.495490551,2.1415,-0.6265325546000007,0.820919549640776,0.7188453920385025,-0.847538686084434,-1.2522105655026843,0.0,0.0,0.06070483675303584,B
trametinib_analogue_0145,90145,C[C@]12CCC3=C(COC3=O)[C@@H]1C[C@@H]1O[C@@]13[C@H](O)[C@@]1(c4ccc(I)cc4F)O[C@H]1[C@@H]1O[C@@]132,trametinib,TCGA-SKCM,0.0047508732051848,0.494528,0.1160714285714285,0.3361,8.6493,1,0,False,-0.6079,0.0316184755158256,-0.4428992425794968,-8.12237,7.3591346741,2.8378300000000003,-1.021791458100001,0.4320216468089105,-0.31510003380985,-1.1942122137436229,0.19859640964197867,0.0,0.0,-0.09853178446659544,C
erlotinib_analogue_0031,90031,Cc1ccc(-c2ccc(C)c(C#Cc3cnc4[nH]ncc4c3)c2)cc1C#Cc1cnc2[nH]ncc2c1,erlotinib,TCGA-LUAD,0.0004743876266479,0.493895,0.1527777777777778,0.3231,7.505,1,0,False,-1.76155,0.0316527200062892,-0.2415830523763401,-10.81979,6.4113306999,-3.2996799999999995,-0.7106924057000006,-1.0047779663497187,-0.30428955070316216,1.8613968261419909,-0.8724837854597013,0.0,0.0,-0.10487677881757553,A
trametinib_analogue_0032,90032,Cc1ccc(-c2ccc(C)c(C#Cc3cnc4[nH]ncc4c3)c2)cc1C#Cc1cnc2[nH]ncc2c1,trametinib,TCGA-SKCM,0.0016988732051848,0.49758,0.1022727272727272,0.3231,7.505,1,0,False,-0.04875,0.0278596357691889,-0.4466580823261334,-10.73154,7.3737654686,0.2286599999999996,-1.0071606636000006,-0.5933793135891369,-1.5017105814234002,0.10478419336583174,0.7177265540454845,0.0,0.0,-0.286111131201371,C
trametinib_analogue_0368,90368,Cc1ccc(C2CC2)cc1C#Cc1cnc2[nH]ncc2c1,trametinib,TCGA-SKCM,0.0010458732051848,0.498233,0.1075268817204301,0.6889,7.3574,0,0,False,0.69085,0.0292908954323611,-0.4452268226629612,-8.86269,6.4712119102,2.09751,-1.9097142220000007,-0.8127721140936994,-1.0498829092770734,-0.825637908462146,1.404391411062086,0.0,0.0,-0.34408201007809913,B
